A,mark,max,min,neg
Germany,0.66,1.89,0,-0.15
Netherlands,0.761,2.295,0.027,0
Austria,0.8357,2.2363999999999997,0.1068,0
Belgium,0.97,2.6,0.15,0
France,0.98,2.3400000000000003,0.15,0
Ireland,1.13,3.6199999999999997,0.4,0
Spain,1.509,3.912,1.008,0
Portugal,2.032,5.32,1.742,0
Italy,2.081,3.4639999999999995,1.176,0
Greece,4.14,8.21,3.79,0
