,curr,prev1,prev5,number,alignment
1Y,-0.154,-0.255,0.103,1,270
2Y,-0.142,-0.25,0.1,2,270
5Y,-0.105,-0.24399999999999999,0.23999999999999999,3,270
10Y,0.039,-0.127,0.878,4,270
20Y,0.5710000000000001,0.225,1.675,5,270
30Y,0.8029999999999999,0.299,1.862,6,270
40Y,0.9640000000000001,0.35,2.034,7,270
