,curr,prev1,prev5,number,alignment
1Y,-0.166,-0.267,0.107,1,270
2Y,-0.163,-0.234,0.1,2,270
5Y,-0.115,-0.22,0.24399999999999999,3,270
10Y,0.054000000000000006,-0.094,0.881,4,270
20Y,0.581,0.274,1.663,5,270
30Y,0.804,0.36,1.845,6,270
40Y,0.946,0.419,2.025,7,270
