,curr,prev1,prev5,number,alignment
1Y,-0.191,-0.31,0.1,1,270
2Y,-0.19,-0.166,0.095,2,270
5Y,-0.11599999999999999,-0.089999999999999997,0.20100000000000001,3,270
10Y,0.048,0.044,0.748,4,270
20Y,0.588,0.483,1.656,5,270
30Y,0.8170000000000001,0.594,1.903,6,270
40Y,0.983,0.679,2.092,7,270
