,curr,prev1,prev5,number,alignment
1Y,-0.215,-0.212,0.109,1,270
2Y,-0.221,-0.264,0.105,2,270
5Y,-0.17699999999999999,-0.252,0.29399999999999998,3,270
10Y,0.013999999999999999,-0.134,0.948,4,270
20Y,0.556,0.261,1.727,5,270
30Y,0.7509999999999999,0.309,1.913,6,270
40Y,0.894,0.36,2.113,7,270
