,curr,prev1,prev5,number,alignment
1Y,-0.111,-0.342,0.109,1,270
2Y,-0.106,-0.331,0.1,2,270
5Y,-0.052999999999999999,-0.317,0.187,3,270
10Y,0.068,-0.233,0.775,4,270
20Y,0.5870000000000001,0.139,1.583,5,270
30Y,0.856,0.193,1.811,6,270
40Y,1.038,0.23,2.012,7,270
