,curr,prev1,prev5,number,alignment
1Y,-0.13,-0.256,0.103,1,270
2Y,-0.11699999999999999,-0.241,0.1,2,270
5Y,-0.08900000000000001,-0.22800000000000001,0.23199999999999998,3,270
10Y,0.04,-0.117,0.863,4,270
20Y,0.563,0.235,1.668,5,270
30Y,0.794,0.305,1.862,6,270
40Y,0.955,0.355,2.033,7,270
