,curr,prev1,prev5,number,alignment
1Y,-0.098,-0.355,0.102,1,270
2Y,-0.10400000000000001,-0.351,0.1,2,270
5Y,-0.037999999999999999,-0.36399999999999999,0.19600000000000001,3,270
10Y,0.09300000000000001,-0.287,0.797,4,270
20Y,0.636,0.069,1.626,5,270
30Y,0.8959999999999999,0.133,1.865,6,270
40Y,1.073,0.16,2.059,7,270
