,curr,prev1,prev5,number,alignment
1Y,-0.146,-0.275,0.06,1,270
2Y,-0.14800000000000002,-0.214,0.032,2,270
5Y,-0.080000000000000002,-0.088000000000000009,0.14300000000000002,3,270
10Y,0.081,0.086,0.775,4,270
20Y,0.596,0.667,1.78,5,270
30Y,0.816,0.827,1.989,6,270
40Y,0.955,0.928,2.171,7,270
