,curr,prev1,prev5,number,alignment
1Y,-0.122,-0.344,0.105,1,270
2Y,-0.121,-0.325,0.1,2,270
5Y,-0.07400000000000001,-0.35399999999999998,0.21299999999999999,3,270
10Y,0.08199999999999999,-0.257,0.831,4,270
20Y,0.597,0.043,1.648,5,270
30Y,0.846,0.077,1.886,6,270
40Y,1.021,0.103,2.087,7,270
