,curr,prev1,prev5,number,alignment
1Y,-0.154,-0.224,0.118,1,270
2Y,-0.158,-0.229,0.123,2,270
5Y,-0.12300000000000001,-0.163,0.27,3,270
10Y,0.027999999999999997,0.018,0.585,4,270
20Y,0.504,0.594,1.386,5,270
30Y,0.728,0.81,1.497,6,270
40Y,0.873,0.938,1.533,7,270
