,curr,prev1,prev5,number,alignment
1Y,-0.157,-0.308,0.047,1,270
2Y,-0.158,-0.265,0.039,2,270
5Y,-0.124,-0.159,0.12,3,270
10Y,0.022000000000000002,0.057,0.558,4,270
20Y,0.515,0.639,1.457,5,270
30Y,0.741,0.831,1.589,6,270
40Y,0.9059999999999999,0.946,1.702,7,270
