,curr,prev1,prev5,number,alignment
1Y,-0.12,-0.21,0.101,1,270
2Y,-0.115,-0.19,0.09,2,270
5Y,-0.075999999999999998,-0.17199999999999999,0.20499999999999999,3,270
10Y,0.052000000000000005,-0.094,0.801,4,270
20Y,0.5660000000000001,0.271,1.606,5,270
30Y,0.843,0.359,1.855,6,270
40Y,1.0390000000000001,0.426,2.076,7,270
