,curr,prev1,prev5,number,alignment
1Y,-0.128,-0.184,0.108,1,270
2Y,-0.133,-0.183,0.113,2,270
5Y,-0.10400000000000001,-0.126,0.22899999999999998,3,270
10Y,0.051,0.042,0.598,4,270
20Y,0.525,0.602,1.504,5,270
30Y,0.738,0.822,1.66,6,270
40Y,0.888,0.954,1.714,7,270
