,curr,prev1,prev5,number,alignment
1Y,-0.11199999999999999,-0.335,0.109,1,270
2Y,-0.111,-0.327,0.1,2,270
5Y,-0.057000000000000002,-0.33200000000000002,0.187,3,270
10Y,0.07400000000000001,-0.234,0.747,4,270
20Y,0.591,0.179,1.538,5,270
30Y,0.856,0.262,1.758,6,270
40Y,1.042,0.314,1.956,7,270
