,curr,prev1,prev5,number,alignment
1Y,-0.124,-0.325,0.106,1,270
2Y,-0.12,-0.299,0.1,2,270
5Y,-0.084000000000000005,-0.317,0.21199999999999999,3,270
10Y,0.057,-0.237,0.821,4,270
20Y,0.564,0.067,1.648,5,270
30Y,0.81,0.128,1.884,6,270
40Y,0.983,0.157,2.089,7,270
