,curr,prev1,prev5,number,alignment
1Y,-0.16699999999999998,-0.272,0.107,1,270
2Y,-0.168,-0.24,0.1,2,270
5Y,-0.12300000000000001,-0.23600000000000002,0.249,3,270
10Y,0.044000000000000004,-0.113,0.899,4,270
20Y,0.5660000000000001,0.249,1.684,5,270
30Y,0.795,0.326,1.87,6,270
40Y,0.9420000000000001,0.372,2.049,7,270
