,curr,prev1,prev5,number,alignment
1Y,-0.136,-0.185,0.108,1,270
2Y,-0.138,-0.182,0.113,2,270
5Y,-0.10400000000000001,-0.12,0.23,3,270
10Y,0.052000000000000005,0.053,0.599,4,270
20Y,0.525,0.617,1.51,5,270
30Y,0.743,0.836,1.682,6,270
40Y,0.893,0.974,1.734,7,270
