,curr,prev1,prev5,number,alignment
1Y,-0.161,-0.272,0.11,1,270
2Y,-0.16,-0.246,0.1,2,270
5Y,-0.111,-0.22600000000000001,0.245,3,270
10Y,0.047,-0.097,0.847,4,270
20Y,0.603,0.28,1.623,5,270
30Y,0.8320000000000001,0.375,1.808,6,270
40Y,0.9740000000000001,0.434,2.002,7,270
