,curr,prev1,prev5,number,alignment
1Y,-0.146,-0.318,0.1,1,270
2Y,-0.14,-0.28,0.1,2,270
5Y,-0.10300000000000001,-0.221,0.19399999999999998,3,270
10Y,0.043,-0.068,0.771,4,270
20Y,0.574,0.391,1.657,5,270
30Y,0.855,0.505,1.905,6,270
40Y,1.054,0.572,2.091,7,270
