,curr,prev1,prev5,number,alignment
1Y,-0.11800000000000001,-0.362,0.107,1,270
2Y,-0.115,-0.345,0.1,2,270
5Y,-0.064000000000000001,-0.36299999999999999,0.184,3,270
10Y,0.07,-0.279,0.743,4,270
20Y,0.5870000000000001,0.15,1.553,5,270
30Y,0.853,0.248,1.798,6,270
40Y,1.048,0.315,1.994,7,270
