,curr,prev1,prev5,number,alignment
1Y,-0.10800000000000001,-0.357,0.101,1,270
2Y,-0.114,-0.357,0.1,2,270
5Y,-0.049000000000000002,-0.34999999999999998,0.17999999999999999,3,270
10Y,0.078,-0.266,0.774,4,270
20Y,0.599,0.089,1.609,5,270
30Y,0.852,0.142,1.839,6,270
40Y,1.033,0.18,2.035,7,270
