,curr,prev1,prev5,number,alignment
1Y,-0.13,-0.268,0.101,1,270
2Y,-0.109,-0.278,0.1,2,270
5Y,-0.07400000000000001,-0.28000000000000003,0.218,3,270
10Y,0.06,-0.172,0.845,4,270
20Y,0.58,0.17,1.665,5,270
30Y,0.8140000000000001,0.232,1.867,6,270
40Y,0.981,0.273,2.038,7,270
