,curr,prev1,prev5,number,alignment
1Y,-0.122,-0.222,0.1,1,270
2Y,-0.131,-0.206,0.1,2,270
5Y,-0.096000000000000002,-0.184,0.25700000000000001,3,270
10Y,0.043,-0.084,0.874,4,270
20Y,0.5710000000000001,0.269,1.666,5,270
30Y,0.848,0.323,1.903,6,270
40Y,1.044,0.394,2.112,7,270
