,curr,prev1,prev5,number,alignment
1Y,-0.11800000000000001,-0.12,0.1,1,270
2Y,-0.11800000000000001,-0.115,0.11,2,270
5Y,-0.08199999999999999,-0.076,0.293,3,270
10Y,0.10300000000000001,0.052,0.754,4,270
20Y,0.598,0.566,1.664,5,270
30Y,0.816,0.843,1.796,6,270
40Y,0.953,1.039,1.854,7,270
