,curr,prev1,prev5,number,alignment
1Y,-0.13,-0.266,0.109,1,270
2Y,-0.11199999999999999,-0.247,0.1,2,270
5Y,-0.080000000000000002,-0.23999999999999999,0.21600000000000003,3,270
10Y,0.051,-0.146,0.813,4,270
20Y,0.557,0.21,1.647,5,270
30Y,0.8,0.266,1.867,6,270
40Y,0.9690000000000001,0.306,2.049,7,270
