,curr,prev1,prev5,number,alignment
1Y,-0.12,-0.268,0.108,1,270
2Y,-0.102,-0.238,0.1,2,270
5Y,-0.07400000000000001,-0.23699999999999999,0.21600000000000003,3,270
10Y,0.051,-0.146,0.824,4,270
20Y,0.5529999999999999,0.186,1.669,5,270
30Y,0.782,0.207,1.896,6,270
40Y,0.953,0.237,2.081,7,270
