,curr,prev1,prev5,number,alignment
1Y,-0.14,-0.329,0.041,1,270
2Y,-0.145,-0.264,0.04,2,270
5Y,-0.105,-0.135,0.12,3,270
10Y,0.04,0.07,0.618,4,270
20Y,0.5379999999999999,0.644,1.618,5,270
30Y,0.759,0.828,1.775,6,270
40Y,0.9109999999999999,0.943,1.903,7,270
