,curr,prev1,prev5,number,alignment
1Y,-0.165,-0.266,0.108,1,270
2Y,-0.16699999999999998,-0.239,0.1,2,270
5Y,-0.122,-0.22600000000000001,0.24299999999999999,3,270
10Y,0.049,-0.102,0.876,4,270
20Y,0.575,0.271,1.647,5,270
30Y,0.799,0.35,1.825,6,270
40Y,0.943,0.408,2.009,7,270
