,curr,prev1,prev5,number,alignment
1Y,-0.13,-0.271,0.1,1,270
2Y,-0.12,-0.284,0.1,2,270
5Y,-0.080000000000000002,-0.28999999999999998,0.22899999999999998,3,270
10Y,0.05,-0.208,0.86,4,270
20Y,0.557,0.103,1.678,5,270
30Y,0.7909999999999999,0.148,1.904,6,270
40Y,0.96,0.194,2.085,7,270
