,curr,prev1,prev5,number,alignment
1Y,-0.13,-0.264,0.102,1,270
2Y,-0.10300000000000001,-0.246,0.1,2,270
5Y,-0.07400000000000001,-0.249,0.222,3,270
10Y,0.065,-0.133,0.872,4,270
20Y,0.597,0.226,1.685,5,270
30Y,0.835,0.305,1.883,6,270
40Y,1.0,0.355,2.053,7,270
