,curr,prev1,prev5,number,alignment
1Y,-0.13,-0.268,0.101,1,270
2Y,-0.114,-0.277,0.1,2,270
5Y,-0.080000000000000002,-0.27600000000000002,0.22899999999999998,3,270
10Y,0.055,-0.167,0.867,4,270
20Y,0.5820000000000001,0.18,1.668,5,270
30Y,0.823,0.242,1.867,6,270
40Y,0.995,0.283,2.038,7,270
