,curr,prev1,prev5,number,alignment
1Y,-0.12,-0.267,0.108,1,270
2Y,-0.102,-0.242,0.1,2,270
5Y,-0.07400000000000001,-0.23999999999999999,0.22,3,270
10Y,0.055,-0.15,0.824,4,270
20Y,0.5579999999999999,0.205,1.66,5,270
30Y,0.7909999999999999,0.252,1.88,6,270
40Y,0.96,0.286,2.062,7,270
