,curr,prev1,prev5,number,alignment
1Y,-0.153,-0.261,0.103,1,270
2Y,-0.146,-0.251,0.1,2,270
5Y,-0.105,-0.24299999999999999,0.22600000000000001,3,270
10Y,0.044000000000000004,-0.127,0.843,4,270
20Y,0.5760000000000001,0.236,1.637,5,270
30Y,0.8029999999999999,0.315,1.823,6,270
40Y,0.9590000000000001,0.373,1.998,7,270
