,curr,prev1,prev5,number,alignment
1Y,-0.12,-0.319,0.108,1,270
2Y,-0.10300000000000001,-0.289,0.1,2,270
5Y,-0.080000000000000002,-0.28999999999999998,0.217,3,270
10Y,0.051,-0.201,0.828,4,270
20Y,0.563,0.112,1.661,5,270
30Y,0.7959999999999999,0.133,1.892,6,270
40Y,0.966,0.164,2.082,7,270
