,curr,prev1,prev5,number,alignment
1Y,-0.145,-0.221,0.097,1,270
2Y,-0.162,-0.187,0.099,2,270
5Y,-0.14199999999999999,-0.16600000000000001,0.22699999999999998,3,270
10Y,0.008,-0.047,0.817,4,270
20Y,0.5489999999999999,0.358,1.649,5,270
30Y,0.8220000000000001,0.433,1.909,6,270
40Y,1.0190000000000001,0.5,2.121,7,270
