,curr,prev1,prev5,number,alignment
1Y,-0.133,-0.225,0.06,1,270
2Y,-0.141,-0.188,0.056,2,270
5Y,-0.125,-0.124,0.141,3,270
10Y,0.022000000000000002,0.062,0.565,4,270
20Y,0.507,0.64,1.408,5,270
30Y,0.723,0.851,1.55,6,270
40Y,0.8759999999999999,0.976,1.668,7,270
