,curr,prev1,prev5,number,alignment
1Y,-0.145,-0.161,0.115,1,270
2Y,-0.14400000000000002,-0.16,0.143,2,270
5Y,-0.11900000000000001,-0.11599999999999999,0.40299999999999997,3,270
10Y,0.039,0.049,0.889,4,270
20Y,0.513,0.586,1.666,5,270
30Y,0.72,0.814,1.805,6,270
40Y,0.855,0.963,1.897,7,270
