,curr,prev1,prev5,number,alignment
1Y,-0.154,-0.323,0.048,1,270
2Y,-0.157,-0.273,0.045,2,270
5Y,-0.11900000000000001,-0.165,0.12,3,270
10Y,0.031,0.051,0.577,4,270
20Y,0.529,0.644,1.529,5,270
30Y,0.755,0.828,1.697,6,270
40Y,0.9109999999999999,0.938,1.802,7,270
