,curr,prev1,prev5,number,alignment
1Y,-0.11800000000000001,-0.275,0.106,1,270
2Y,-0.11699999999999999,-0.251,0.1,2,270
5Y,-0.064000000000000001,-0.26100000000000001,0.18899999999999997,3,270
10Y,0.07400000000000001,-0.178,0.753,4,270
20Y,0.588,0.184,1.562,5,270
30Y,0.857,0.263,1.806,6,270
40Y,1.057,0.328,2.002,7,270
