,curr,prev1,prev5,number,alignment
1Y,-0.223,-0.208,0.112,1,270
2Y,-0.21899999999999997,-0.241,0.114,2,270
5Y,-0.152,-0.23199999999999998,0.30499999999999999,3,270
10Y,0.048,-0.083,0.973,4,270
20Y,0.627,0.329,1.753,5,270
30Y,0.841,0.44,1.946,6,270
40Y,0.9670000000000001,0.503,2.128,7,270
