,curr,prev1,prev5,number,alignment
1Y,-0.106,-0.34,0.107,1,270
2Y,-0.11199999999999999,-0.336,0.1,2,270
5Y,-0.068000000000000005,-0.34799999999999998,0.183,3,270
10Y,0.069,-0.257,0.743,4,270
20Y,0.586,0.17,1.562,5,270
30Y,0.848,0.263,1.798,6,270
40Y,1.038,0.324,1.994,7,270
