,curr,prev1,prev5,number,alignment
1Y,-0.166,-0.271,0.107,1,270
2Y,-0.168,-0.239,0.1,2,270
5Y,-0.115,-0.23199999999999998,0.25,3,270
10Y,0.054000000000000006,-0.108,0.885,4,270
20Y,0.585,0.26,1.655,5,270
30Y,0.8140000000000001,0.34,1.838,6,270
40Y,0.9590000000000001,0.386,2.019,7,270
