,curr,prev1,prev5,number,alignment
1Y,-0.124,-0.323,0.106,1,270
2Y,-0.12,-0.298,0.1,2,270
5Y,-0.089999999999999997,-0.32100000000000001,0.20800000000000002,3,270
10Y,0.055999999999999994,-0.242,0.811,4,270
20Y,0.568,0.048,1.652,5,270
30Y,0.8140000000000001,0.088,1.893,6,270
40Y,0.987,0.106,2.09,7,270
