,curr,prev1,prev5,number,alignment
1Y,-0.139,-0.273,0.046,1,270
2Y,-0.14,-0.215,0.046,2,270
5Y,-0.11,-0.134,0.11699999999999999,3,270
10Y,0.037000000000000005,0.062,0.514,4,270
20Y,0.521,0.63,1.426,5,270
30Y,0.741,0.828,1.594,6,270
40Y,0.892,0.946,1.711,7,270
