,curr,prev1,prev5,number,alignment
1Y,-0.113,-0.339,0.108,1,270
2Y,-0.11800000000000001,-0.335,0.1,2,270
5Y,-0.067000000000000004,-0.34700000000000003,0.17800000000000002,3,270
10Y,0.069,-0.242,0.733,4,270
20Y,0.5920000000000001,0.18,1.539,5,270
30Y,0.861,0.267,1.767,6,270
40Y,1.051,0.327,1.966,7,270
