,curr,prev1,prev5,number,alignment
1Y,-0.09699999999999999,-0.348,0.104,1,270
2Y,-0.102,-0.343,0.1,2,270
5Y,-0.044000000000000004,-0.36899999999999999,0.20499999999999999,3,270
10Y,0.098,-0.283,0.81,4,270
20Y,0.617,0.037,1.653,5,270
30Y,0.878,0.067,1.896,6,270
40Y,1.055,0.091,2.087,7,270
