,curr,prev1,prev5,number,alignment
1Y,-0.32899999999999996,-0.141,0.11,1,270
2Y,-0.264,-0.175,0.11,2,270
5Y,-0.13500000000000001,-0.17399999999999999,0.373,3,270
10Y,0.07,-0.054,1.056,4,270
20Y,0.644,0.462,1.822,5,270
30Y,0.828,0.675,1.986,6,270
40Y,0.943,0.772,2.151,7,270
